{"cameraMode":{"drawMode":0,"name":"Shaded","section":"Shading Mode"},"sceneLighting":true,"audioPlay":false,"sceneViewState":{"m_AlwaysRefresh":false,"showFog":true,"showSkybox":false,"showFlares":true,"showImageEffects":true,"showParticleSystems":true,"showVisualEffectGraphs":true,"m_FxEnabled":true},"in2DMode":false,"pivot":{"x":-0.37526941299438479,"y":0.9699770212173462,"z":1.147361397743225},"rotation":{"x":0.04504898935556412,"y":-0.8344977498054504,"z":0.0690026804804802,"w":0.5448272228240967},"size":0.8170916438102722,"orthographic":false}