{"cameraMode":{"drawMode":0,"name":"Shaded","section":"Shading Mode"},"sceneLighting":false,"audioPlay":false,"sceneViewState":{"m_AlwaysRefresh":false,"showFog":true,"showSkybox":false,"showFlares":true,"showImageEffects":true,"showParticleSystems":true,"showVisualEffectGraphs":true,"m_FxEnabled":true},"in2DMode":false,"pivot":{"x":24.61149024963379,"y":0.5349999666213989,"z":5.090286731719971},"rotation":{"x":-0.014130565337836743,"y":0.6872231960296631,"z":0.013438521884381771,"w":0.726224958896637},"size":1.2000172138214112,"orthographic":false}